{
  "posicionInicialPatrullero": 1,
  "tipoIncidente": "ALARMA_DE_PANICO_POR_VIOLENCIA_DE_GENERO",
  "posicionIncidente": 148,
  "obstaculos": [
    {
      "id": 1,
      "lugarID": 3,
      "TipoLugar": "frsf.cidisi.exercise.patrullero.search.modelo.Interseccion",
      "nombre": "CORTE",
      "visibilidad": "INFORMADO",
      "tiempoInicio": 0,
      "tiempoFin": 120,
      "retardoMultiplicativo": 5,
      "TipoObstaculo": "frsf.cidisi.exercise.patrullero.search.modelo.ObstaculoParcial"
    },
    {
      "id": 2,
      "lugarID": 7,
      "TipoLugar": "frsf.cidisi.exercise.patrullero.search.modelo.Interseccion",
      "nombre": "ACCIDENTE",
      "visibilidad": "INFORMADO",
      "tiempoInicio": 0,
      "tiempoFin": 120,
      "retardoMultiplicativo": 7,
      "TipoObstaculo": "frsf.cidisi.exercise.patrullero.search.modelo.ObstaculoParcial"
    },
    {
      "id": 3,
      "lugarID": 12,
      "TipoLugar": "frsf.cidisi.exercise.patrullero.search.modelo.Interseccion",
      "nombre": "CONGESTION",
      "visibilidad": "INFORMADO",
      "tiempoInicio": 0,
      "tiempoFin": 120,
      "retardoMultiplicativo": 5,
      "TipoObstaculo": "frsf.cidisi.exercise.patrullero.search.modelo.ObstaculoParcial"
    },
    {
      "id": 4,
      "lugarID": 27,
      "TipoLugar": "frsf.cidisi.exercise.patrullero.search.modelo.Interseccion",
      "nombre": "EVENTO_SOCIAL",
      "visibilidad": "INFORMADO",
      "tiempoInicio": 0,
      "tiempoFin": 120,
      "retardoMultiplicativo": 8,
      "TipoObstaculo": "frsf.cidisi.exercise.patrullero.search.modelo.ObstaculoParcial"
    },
    {
      "id": 5,
      "lugarID": 41,
      "TipoLugar": "frsf.cidisi.exercise.patrullero.search.modelo.Interseccion",
      "nombre": "BACHEO",
      "visibilidad": "INFORMADO",
      "tiempoInicio": 0,
      "tiempoFin": 120,
      "retardoMultiplicativo": 9,
      "TipoObstaculo": "frsf.cidisi.exercise.patrullero.search.modelo.ObstaculoParcial"
    },
    {
      "id": 6,
      "lugarID": 45,
      "TipoLugar": "frsf.cidisi.exercise.patrullero.search.modelo.Interseccion",
      "nombre": "CONGESTION",
      "visibilidad": "INFORMADO",
      "tiempoInicio": 0,
      "tiempoFin": 120,
      "retardoMultiplicativo": 10,
      "TipoObstaculo": "frsf.cidisi.exercise.patrullero.search.modelo.ObstaculoParcial"
    },
    {
      "id": 7,
      "lugarID": 79,
      "TipoLugar": "frsf.cidisi.exercise.patrullero.search.modelo.Interseccion",
      "nombre": "CORTE",
      "visibilidad": "INFORMADO",
      "tiempoInicio": 0,
      "tiempoFin": 120,
      "retardoMultiplicativo": 7,
      "TipoObstaculo": "frsf.cidisi.exercise.patrullero.search.modelo.ObstaculoParcial"
    },
    {
      "id": 8,
      "lugarID": 113,
      "TipoLugar": "frsf.cidisi.exercise.patrullero.search.modelo.Interseccion",
      "nombre": "BACHEO",
      "visibilidad": "INFORMADO",
      "tiempoInicio": 0,
      "tiempoFin": 120,
      "retardoMultiplicativo": 5,
      "TipoObstaculo": "frsf.cidisi.exercise.patrullero.search.modelo.ObstaculoParcial"
    },
    {
      "id": 9,
      "lugarID": 101,
      "TipoLugar": "frsf.cidisi.exercise.patrullero.search.modelo.Interseccion",
      "nombre": "EVENTO_SOCIAL",
      "visibilidad": "INFORMADO",
      "tiempoInicio": 0,
      "tiempoFin": 120,
      "retardoMultiplicativo": 5,
      "TipoObstaculo": "frsf.cidisi.exercise.patrullero.search.modelo.ObstaculoParcial"
    },
    {
      "id": 10,
      "lugarID": 137,
      "TipoLugar": "frsf.cidisi.exercise.patrullero.search.modelo.Interseccion",
      "nombre": "ACCIDENTE",
      "visibilidad": "INFORMADO",
      "tiempoInicio": 0,
      "tiempoFin": 120,
      "retardoMultiplicativo": 9,
      "TipoObstaculo": "frsf.cidisi.exercise.patrullero.search.modelo.ObstaculoParcial"
    },
    {
      "id": 11,
      "lugarID": 134,
      "TipoLugar": "frsf.cidisi.exercise.patrullero.search.modelo.Interseccion",
      "nombre": "CORTE",
      "visibilidad": "VISIBLE",
      "tiempoInicio": 0,
      "tiempoFin": 120,
      "retardoMultiplicativo": 5,
      "TipoObstaculo": "frsf.cidisi.exercise.patrullero.search.modelo.ObstaculoParcial"
    },
    {
      "id": 12,
      "lugarID": 155,
      "TipoLugar": "frsf.cidisi.exercise.patrullero.search.modelo.Interseccion",
      "nombre": "CORTE",
      "visibilidad": "VISIBLE",
      "tiempoInicio": 0,
      "tiempoFin": 120,
      "retardoMultiplicativo": 10,
      "TipoObstaculo": "frsf.cidisi.exercise.patrullero.search.modelo.ObstaculoParcial"
    },
    {
      "id": 13,
      "lugarID": 151,
      "TipoLugar": "frsf.cidisi.exercise.patrullero.search.modelo.Interseccion",
      "nombre": "CORTE",
      "visibilidad": "VISIBLE",
      "tiempoInicio": 0,
      "tiempoFin": 120,
      "retardoMultiplicativo": 8,
      "TipoObstaculo": "frsf.cidisi.exercise.patrullero.search.modelo.ObstaculoParcial"
    },
    {
      "id": 14,
      "lugarID": 120,
      "TipoLugar": "frsf.cidisi.exercise.patrullero.search.modelo.Interseccion",
      "nombre": "CONGESTION",
      "visibilidad": "VISIBLE",
      "tiempoInicio": 0,
      "tiempoFin": 120,
      "retardoMultiplicativo": 9,
      "TipoObstaculo": "frsf.cidisi.exercise.patrullero.search.modelo.ObstaculoParcial"
    },
    {
      "id": 15,
      "lugarID": 111,
      "TipoLugar": "frsf.cidisi.exercise.patrullero.search.modelo.Interseccion",
      "nombre": "CORTE",
      "visibilidad": "VISIBLE",
      "tiempoInicio": 0,
      "tiempoFin": 120,
      "retardoMultiplicativo": 5,
      "TipoObstaculo": "frsf.cidisi.exercise.patrullero.search.modelo.ObstaculoParcial"
    },
    {
      "id": 16,
      "lugarID": 107,
      "TipoLugar": "frsf.cidisi.exercise.patrullero.search.modelo.Interseccion",
      "nombre": "BACHEO",
      "visibilidad": "VISIBLE",
      "tiempoInicio": 0,
      "tiempoFin": 120,
      "retardoMultiplicativo": 7,
      "TipoObstaculo": "frsf.cidisi.exercise.patrullero.search.modelo.ObstaculoParcial"
    },
    {
      "id": 17,
      "lugarID": 80,
      "TipoLugar": "frsf.cidisi.exercise.patrullero.search.modelo.Interseccion",
      "nombre": "BACHEO",
      "visibilidad": "VISIBLE",
      "tiempoInicio": 0,
      "tiempoFin": 120,
      "retardoMultiplicativo": 10,
      "TipoObstaculo": "frsf.cidisi.exercise.patrullero.search.modelo.ObstaculoParcial"
    },
    {
      "id": 18,
      "lugarID": 49,
      "TipoLugar": "frsf.cidisi.exercise.patrullero.search.modelo.Interseccion",
      "nombre": "BACHEO",
      "visibilidad": "VISIBLE",
      "tiempoInicio": 0,
      "tiempoFin": 120,
      "retardoMultiplicativo": 8,
      "TipoObstaculo": "frsf.cidisi.exercise.patrullero.search.modelo.ObstaculoParcial"
    },
    {
      "id": 19,
      "lugarID": 73,
      "TipoLugar": "frsf.cidisi.exercise.patrullero.search.modelo.Interseccion",
      "nombre": "CORTE",
      "visibilidad": "VISIBLE",
      "tiempoInicio": 0,
      "tiempoFin": 120,
      "retardoMultiplicativo": 5,
      "TipoObstaculo": "frsf.cidisi.exercise.patrullero.search.modelo.ObstaculoParcial"
    },
    {
      "id": 20,
      "lugarID": 74,
      "TipoLugar": "frsf.cidisi.exercise.patrullero.search.modelo.Interseccion",
      "nombre": "CORTE",
      "visibilidad": "VISIBLE",
      "tiempoInicio": 0,
      "tiempoFin": 120,
      "retardoMultiplicativo": 5,
      "TipoObstaculo": "frsf.cidisi.exercise.patrullero.search.modelo.ObstaculoParcial"
    },
    {
      "id": 21,
      "lugarID": 252,
      "TipoLugar": "frsf.cidisi.exercise.patrullero.search.modelo.Arista",
      "nombre": "BACHEO",
      "visibilidad": "INFORMADO",
      "tiempoInicio": 0,
      "tiempoFin": 120,
      "retardoMultiplicativo": 5,
      "TipoObstaculo": "frsf.cidisi.exercise.patrullero.search.modelo.ObstaculoParcial"
    },
    {
      "id": 22,
      "lugarID": 43,
      "TipoLugar": "frsf.cidisi.exercise.patrullero.search.modelo.Arista",
      "nombre": "CORTE",
      "visibilidad": "INFORMADO",
      "tiempoInicio": 0,
      "tiempoFin": 120,
      "retardoMultiplicativo": 5,
      "TipoObstaculo": "frsf.cidisi.exercise.patrullero.search.modelo.ObstaculoParcial"
    },
    {
      "id": 23,
      "lugarID": 44,
      "TipoLugar": "frsf.cidisi.exercise.patrullero.search.modelo.Arista",
      "nombre": "CORTE",
      "visibilidad": "INFORMADO",
      "tiempoInicio": 0,
      "tiempoFin": 120,
      "retardoMultiplicativo": 5,
      "TipoObstaculo": "frsf.cidisi.exercise.patrullero.search.modelo.ObstaculoParcial"
    },
    {
      "id": 24,
      "lugarID": 247,
      "TipoLugar": "frsf.cidisi.exercise.patrullero.search.modelo.Arista",
      "nombre": "CONGESTION",
      "visibilidad": "INFORMADO",
      "tiempoInicio": 0,
      "tiempoFin": 120,
      "retardoMultiplicativo": 8,
      "TipoObstaculo": "frsf.cidisi.exercise.patrullero.search.modelo.ObstaculoParcial"
    },
    {
      "id": 25,
      "lugarID": 31,
      "TipoLugar": "frsf.cidisi.exercise.patrullero.search.modelo.Arista",
      "nombre": "BACHEO",
      "visibilidad": "INFORMADO",
      "tiempoInicio": 0,
      "tiempoFin": 120,
      "retardoMultiplicativo": 5,
      "TipoObstaculo": "frsf.cidisi.exercise.patrullero.search.modelo.ObstaculoParcial"
    },
    {
      "id": 26,
      "lugarID": 315,
      "TipoLugar": "frsf.cidisi.exercise.patrullero.search.modelo.Arista",
      "nombre": "BACHEO",
      "visibilidad": "INFORMADO",
      "tiempoInicio": 0,
      "tiempoFin": 120,
      "retardoMultiplicativo": 7,
      "TipoObstaculo": "frsf.cidisi.exercise.patrullero.search.modelo.ObstaculoParcial"
    },
    {
      "id": 27,
      "lugarID": 316,
      "TipoLugar": "frsf.cidisi.exercise.patrullero.search.modelo.Arista",
      "nombre": "BACHEO",
      "visibilidad": "INFORMADO",
      "tiempoInicio": 0,
      "tiempoFin": 120,
      "retardoMultiplicativo": 8,
      "TipoObstaculo": "frsf.cidisi.exercise.patrullero.search.modelo.ObstaculoParcial"
    },
    {
      "id": 28,
      "lugarID": 211,
      "TipoLugar": "frsf.cidisi.exercise.patrullero.search.modelo.Arista",
      "nombre": "CORTE",
      "visibilidad": "INFORMADO",
      "tiempoInicio": 0,
      "tiempoFin": 120,
      "retardoMultiplicativo": 5,
      "TipoObstaculo": "frsf.cidisi.exercise.patrullero.search.modelo.ObstaculoParcial"
    },
    {
      "id": 29,
      "lugarID": 115,
      "TipoLugar": "frsf.cidisi.exercise.patrullero.search.modelo.Arista",
      "nombre": "ACCIDENTE",
      "visibilidad": "VISIBLE",
      "tiempoInicio": 0,
      "tiempoFin": 120,
      "retardoMultiplicativo": 7,
      "TipoObstaculo": "frsf.cidisi.exercise.patrullero.search.modelo.ObstaculoParcial"
    },
    {
      "id": 30,
      "lugarID": 100,
      "TipoLugar": "frsf.cidisi.exercise.patrullero.search.modelo.Arista",
      "nombre": "EVENTO_SOCIAL",
      "visibilidad": "VISIBLE",
      "tiempoInicio": 0,
      "tiempoFin": 120,
      "retardoMultiplicativo": 5,
      "TipoObstaculo": "frsf.cidisi.exercise.patrullero.search.modelo.ObstaculoParcial"
    },
    {
      "id": 31,
      "lugarID": 207,
      "TipoLugar": "frsf.cidisi.exercise.patrullero.search.modelo.Arista",
      "nombre": "CONGESTION",
      "visibilidad": "VISIBLE",
      "tiempoInicio": 0,
      "tiempoFin": 120,
      "retardoMultiplicativo": 8,
      "TipoObstaculo": "frsf.cidisi.exercise.patrullero.search.modelo.ObstaculoParcial"
    },
    {
      "id": 32,
      "lugarID": 55,
      "TipoLugar": "frsf.cidisi.exercise.patrullero.search.modelo.Arista",
      "nombre": "CORTE",
      "visibilidad": "VISIBLE",
      "tiempoInicio": 0,
      "tiempoFin": 120,
      "retardoMultiplicativo": 5,
      "TipoObstaculo": "frsf.cidisi.exercise.patrullero.search.modelo.ObstaculoParcial"
    },
    {
      "id": 33,
      "lugarID": 39,
      "TipoLugar": "frsf.cidisi.exercise.patrullero.search.modelo.Arista",
      "nombre": "ACCIDENTE",
      "visibilidad": "VISIBLE",
      "tiempoInicio": 0,
      "tiempoFin": 120,
      "retardoMultiplicativo": 9,
      "TipoObstaculo": "frsf.cidisi.exercise.patrullero.search.modelo.ObstaculoParcial"
    },
    {
      "id": 34,
      "lugarID": 88,
      "TipoLugar": "frsf.cidisi.exercise.patrullero.search.modelo.Interseccion",
      "nombre": "CORTE",
      "visibilidad": "VISIBLE",
      "tiempoInicio": 0,
      "tiempoFin": 120,
      "TipoObstaculo": "frsf.cidisi.exercise.patrullero.search.modelo.ObstaculoTotal"
    },
    {
      "id": 35,
      "lugarID": 62,
      "TipoLugar": "frsf.cidisi.exercise.patrullero.search.modelo.Interseccion",
      "nombre": "EVENTO_SOCIAL",
      "visibilidad": "VISIBLE",
      "tiempoInicio": 0,
      "tiempoFin": 120,
      "TipoObstaculo": "frsf.cidisi.exercise.patrullero.search.modelo.ObstaculoTotal"
    },
    {
      "id": 36,
      "lugarID": 139,
      "TipoLugar": "frsf.cidisi.exercise.patrullero.search.modelo.Interseccion",
      "nombre": "BACHEO",
      "visibilidad": "INFORMADO",
      "tiempoInicio": 0,
      "tiempoFin": 120,
      "TipoObstaculo": "frsf.cidisi.exercise.patrullero.search.modelo.ObstaculoTotal"
    },
    {
      "id": 37,
      "lugarID": 153,
      "TipoLugar": "frsf.cidisi.exercise.patrullero.search.modelo.Interseccion",
      "nombre": "CORTE",
      "visibilidad": "INFORMADO",
      "tiempoInicio": 0,
      "tiempoFin": 120,
      "TipoObstaculo": "frsf.cidisi.exercise.patrullero.search.modelo.ObstaculoTotal"
    },
    {
      "id": 38,
      "lugarID": 114,
      "TipoLugar": "frsf.cidisi.exercise.patrullero.search.modelo.Interseccion",
      "nombre": "BACHEO",
      "visibilidad": "INFORMADO",
      "tiempoInicio": 0,
      "tiempoFin": 120,
      "TipoObstaculo": "frsf.cidisi.exercise.patrullero.search.modelo.ObstaculoTotal"
    },
    {
      "id": 39,
      "lugarID": 28,
      "TipoLugar": "frsf.cidisi.exercise.patrullero.search.modelo.Interseccion",
      "nombre": "ACCIDENTE",
      "visibilidad": "INFORMADO",
      "tiempoInicio": 0,
      "tiempoFin": 120,
      "TipoObstaculo": "frsf.cidisi.exercise.patrullero.search.modelo.ObstaculoTotal"
    },
    {
      "id": 40,
      "lugarID": 364,
      "TipoLugar": "frsf.cidisi.exercise.patrullero.search.modelo.Arista",
      "nombre": "EVENTO_SOCIAL",
      "visibilidad": "INFORMADO",
      "tiempoInicio": 0,
      "tiempoFin": 120,
      "TipoObstaculo": "frsf.cidisi.exercise.patrullero.search.modelo.ObstaculoTotal"
    },
    {
      "id": 41,
      "lugarID": 189,
      "TipoLugar": "frsf.cidisi.exercise.patrullero.search.modelo.Arista",
      "nombre": "ACCIDENTE",
      "visibilidad": "INFORMADO",
      "tiempoInicio": 0,
      "tiempoFin": 120,
      "TipoObstaculo": "frsf.cidisi.exercise.patrullero.search.modelo.ObstaculoTotal"
    },
    {
      "id": 42,
      "lugarID": 24,
      "TipoLugar": "frsf.cidisi.exercise.patrullero.search.modelo.Interseccion",
      "nombre": "CORTE",
      "visibilidad": "INVISIBLE",
      "tiempoInicio": 0,
      "tiempoFin": 120,
      "retardoMultiplicativo": 5,
      "TipoObstaculo": "frsf.cidisi.exercise.patrullero.search.modelo.ObstaculoParcial"
    },
    {
      "id": 43,
      "lugarID": 60,
      "TipoLugar": "frsf.cidisi.exercise.patrullero.search.modelo.Interseccion",
      "nombre": "ACCIDENTE",
      "visibilidad": "INVISIBLE",
      "tiempoInicio": 0,
      "tiempoFin": 120,
      "retardoMultiplicativo": 5,
      "TipoObstaculo": "frsf.cidisi.exercise.patrullero.search.modelo.ObstaculoParcial"
    },
    {
      "id": 44,
      "lugarID": 150,
      "TipoLugar": "frsf.cidisi.exercise.patrullero.search.modelo.Interseccion",
      "nombre": "CORTE",
      "visibilidad": "INVISIBLE",
      "tiempoInicio": 0,
      "tiempoFin": 120,
      "retardoMultiplicativo": 5,
      "TipoObstaculo": "frsf.cidisi.exercise.patrullero.search.modelo.ObstaculoParcial"
    },
    {
      "id": 45,
      "lugarID": 98,
      "TipoLugar": "frsf.cidisi.exercise.patrullero.search.modelo.Interseccion",
      "nombre": "CONGESTION",
      "visibilidad": "INVISIBLE",
      "tiempoInicio": 0,
      "tiempoFin": 120,
      "retardoMultiplicativo": 5,
      "TipoObstaculo": "frsf.cidisi.exercise.patrullero.search.modelo.ObstaculoParcial"
    },
    {
      "id": 47,
      "lugarID": 58,
      "TipoLugar": "frsf.cidisi.exercise.patrullero.search.modelo.Interseccion",
      "nombre": "CONGESTION",
      "visibilidad": "INVISIBLE",
      "tiempoInicio": 0,
      "tiempoFin": 120,
      "retardoMultiplicativo": 10,
      "TipoObstaculo": "frsf.cidisi.exercise.patrullero.search.modelo.ObstaculoParcial"
    },
    {
      "id": 48,
      "lugarID": 271,
      "TipoLugar": "frsf.cidisi.exercise.patrullero.search.modelo.Arista",
      "nombre": "CORTE",
      "visibilidad": "INFORMADO",
      "tiempoInicio": 120,
      "tiempoFin": 180,
      "retardoMultiplicativo": 6,
      "TipoObstaculo": "frsf.cidisi.exercise.patrullero.search.modelo.ObstaculoParcial"
    },
    {
      "id": 49,
      "lugarID": 126,
      "TipoLugar": "frsf.cidisi.exercise.patrullero.search.modelo.Arista",
      "nombre": "CONGESTION",
      "visibilidad": "INFORMADO",
      "tiempoInicio": 120,
      "tiempoFin": 180,
      "retardoMultiplicativo": 5,
      "TipoObstaculo": "frsf.cidisi.exercise.patrullero.search.modelo.ObstaculoParcial"
    },
    {
      "id": 50,
      "lugarID": 191,
      "TipoLugar": "frsf.cidisi.exercise.patrullero.search.modelo.Arista",
      "nombre": "BACHEO",
      "visibilidad": "INFORMADO",
      "tiempoInicio": 120,
      "tiempoFin": 180,
      "retardoMultiplicativo": 5,
      "TipoObstaculo": "frsf.cidisi.exercise.patrullero.search.modelo.ObstaculoParcial"
    },
    {
      "id": 51,
      "lugarID": 86,
      "TipoLugar": "frsf.cidisi.exercise.patrullero.search.modelo.Interseccion",
      "nombre": "CONGESTION",
      "visibilidad": "INFORMADO",
      "tiempoInicio": 120,
      "tiempoFin": 180,
      "retardoMultiplicativo": 6,
      "TipoObstaculo": "frsf.cidisi.exercise.patrullero.search.modelo.ObstaculoParcial"
    },
    {
      "id": 52,
      "lugarID": 5,
      "TipoLugar": "frsf.cidisi.exercise.patrullero.search.modelo.Interseccion",
      "nombre": "BACHEO",
      "visibilidad": "INFORMADO",
      "tiempoInicio": 120,
      "tiempoFin": 180,
      "retardoMultiplicativo": 8,
      "TipoObstaculo": "frsf.cidisi.exercise.patrullero.search.modelo.ObstaculoParcial"
    },
    {
      "id": 53,
      "lugarID": 20,
      "TipoLugar": "frsf.cidisi.exercise.patrullero.search.modelo.Interseccion",
      "nombre": "ACCIDENTE",
      "visibilidad": "INFORMADO",
      "tiempoInicio": 120,
      "tiempoFin": 180,
      "retardoMultiplicativo": 10,
      "TipoObstaculo": "frsf.cidisi.exercise.patrullero.search.modelo.ObstaculoParcial"
    },
    {
      "id": 54,
      "lugarID": 166,
      "TipoLugar": "frsf.cidisi.exercise.patrullero.search.modelo.Interseccion",
      "nombre": "CONGESTION",
      "visibilidad": "INFORMADO",
      "tiempoInicio": 120,
      "tiempoFin": 180,
      "retardoMultiplicativo": 6,
      "TipoObstaculo": "frsf.cidisi.exercise.patrullero.search.modelo.ObstaculoParcial"
    },
    {
      "id": 55,
      "lugarID": 385,
      "TipoLugar": "frsf.cidisi.exercise.patrullero.search.modelo.Arista",
      "nombre": "CONGESTION",
      "visibilidad": "INFORMADO",
      "tiempoInicio": 120,
      "tiempoFin": 180,
      "retardoMultiplicativo": 5,
      "TipoObstaculo": "frsf.cidisi.exercise.patrullero.search.modelo.ObstaculoParcial"
    },
    {
      "id": 56,
      "lugarID": 237,
      "TipoLugar": "frsf.cidisi.exercise.patrullero.search.modelo.Arista",
      "nombre": "CONGESTION",
      "visibilidad": "INFORMADO",
      "tiempoInicio": 120,
      "tiempoFin": 180,
      "retardoMultiplicativo": 6,
      "TipoObstaculo": "frsf.cidisi.exercise.patrullero.search.modelo.ObstaculoParcial"
    },
    {
      "id": 57,
      "lugarID": 143,
      "TipoLugar": "frsf.cidisi.exercise.patrullero.search.modelo.Interseccion",
      "nombre": "ACCIDENTE",
      "visibilidad": "INFORMADO",
      "tiempoInicio": 120,
      "tiempoFin": 180,
      "retardoMultiplicativo": 8,
      "TipoObstaculo": "frsf.cidisi.exercise.patrullero.search.modelo.ObstaculoParcial"
    },
    {
      "id": 58,
      "lugarID": 63,
      "TipoLugar": "frsf.cidisi.exercise.patrullero.search.modelo.Arista",
      "nombre": "CONGESTION",
      "visibilidad": "VISIBLE",
      "tiempoInicio": 120,
      "tiempoFin": 180,
      "retardoMultiplicativo": 8,
      "TipoObstaculo": "frsf.cidisi.exercise.patrullero.search.modelo.ObstaculoParcial"
    },
    {
      "id": 59,
      "lugarID": 378,
      "TipoLugar": "frsf.cidisi.exercise.patrullero.search.modelo.Arista",
      "nombre": "CONGESTION",
      "visibilidad": "VISIBLE",
      "tiempoInicio": 120,
      "tiempoFin": 180,
      "retardoMultiplicativo": 8,
      "TipoObstaculo": "frsf.cidisi.exercise.patrullero.search.modelo.ObstaculoParcial"
    },
    {
      "id": 60,
      "lugarID": 13,
      "TipoLugar": "frsf.cidisi.exercise.patrullero.search.modelo.Interseccion",
      "nombre": "BACHEO",
      "visibilidad": "INFORMADO",
      "tiempoInicio": 120,
      "tiempoFin": 240,
      "retardoMultiplicativo": 7,
      "TipoObstaculo": "frsf.cidisi.exercise.patrullero.search.modelo.ObstaculoParcial"
    },
    {
      "id": 61,
      "lugarID": 8,
      "TipoLugar": "frsf.cidisi.exercise.patrullero.search.modelo.Interseccion",
      "nombre": "CORTE",
      "visibilidad": "INFORMADO",
      "tiempoInicio": 120,
      "tiempoFin": 180,
      "retardoMultiplicativo": 5,
      "TipoObstaculo": "frsf.cidisi.exercise.patrullero.search.modelo.ObstaculoParcial"
    },
    {
      "id": 62,
      "lugarID": 16,
      "TipoLugar": "frsf.cidisi.exercise.patrullero.search.modelo.Interseccion",
      "nombre": "CONGESTION",
      "visibilidad": "INFORMADO",
      "tiempoInicio": 120,
      "tiempoFin": 240,
      "retardoMultiplicativo": 7,
      "TipoObstaculo": "frsf.cidisi.exercise.patrullero.search.modelo.ObstaculoParcial"
    },
    {
      "id": 63,
      "lugarID": 31,
      "TipoLugar": "frsf.cidisi.exercise.patrullero.search.modelo.Interseccion",
      "nombre": "EVENTO_SOCIAL",
      "visibilidad": "INFORMADO",
      "tiempoInicio": 120,
      "tiempoFin": 240,
      "retardoMultiplicativo": 7,
      "TipoObstaculo": "frsf.cidisi.exercise.patrullero.search.modelo.ObstaculoParcial"
    },
    {
      "id": 64,
      "lugarID": 84,
      "TipoLugar": "frsf.cidisi.exercise.patrullero.search.modelo.Interseccion",
      "nombre": "ACCIDENTE",
      "visibilidad": "INFORMADO",
      "tiempoInicio": 120,
      "tiempoFin": 240,
      "retardoMultiplicativo": 5,
      "TipoObstaculo": "frsf.cidisi.exercise.patrullero.search.modelo.ObstaculoParcial"
    },
    {
      "id": 65,
      "lugarID": 69,
      "TipoLugar": "frsf.cidisi.exercise.patrullero.search.modelo.Interseccion",
      "nombre": "ACCIDENTE",
      "visibilidad": "VISIBLE",
      "tiempoInicio": 120,
      "tiempoFin": 240,
      "retardoMultiplicativo": 10,
      "TipoObstaculo": "frsf.cidisi.exercise.patrullero.search.modelo.ObstaculoParcial"
    },
    {
      "id": 66,
      "lugarID": 95,
      "TipoLugar": "frsf.cidisi.exercise.patrullero.search.modelo.Arista",
      "nombre": "CORTE",
      "visibilidad": "VISIBLE",
      "tiempoInicio": 120,
      "tiempoFin": 240,
      "retardoMultiplicativo": 6,
      "TipoObstaculo": "frsf.cidisi.exercise.patrullero.search.modelo.ObstaculoParcial"
    },
    {
      "id": 67,
      "lugarID": 301,
      "TipoLugar": "frsf.cidisi.exercise.patrullero.search.modelo.Arista",
      "nombre": "CONGESTION",
      "visibilidad": "VISIBLE",
      "tiempoInicio": 120,
      "tiempoFin": 240,
      "retardoMultiplicativo": 5,
      "TipoObstaculo": "frsf.cidisi.exercise.patrullero.search.modelo.ObstaculoParcial"
    },
    {
      "id": 68,
      "lugarID": 302,
      "TipoLugar": "frsf.cidisi.exercise.patrullero.search.modelo.Arista",
      "nombre": "CORTE",
      "visibilidad": "VISIBLE",
      "tiempoInicio": 120,
      "tiempoFin": 240,
      "retardoMultiplicativo": 6,
      "TipoObstaculo": "frsf.cidisi.exercise.patrullero.search.modelo.ObstaculoParcial"
    },
    {
      "id": 69,
      "lugarID": 160,
      "TipoLugar": "frsf.cidisi.exercise.patrullero.search.modelo.Interseccion",
      "nombre": "BACHEO",
      "visibilidad": "VISIBLE",
      "tiempoInicio": 120,
      "tiempoFin": 240,
      "retardoMultiplicativo": 5,
      "TipoObstaculo": "frsf.cidisi.exercise.patrullero.search.modelo.ObstaculoParcial"
    },
    {
      "id": 70,
      "lugarID": 135,
      "TipoLugar": "frsf.cidisi.exercise.patrullero.search.modelo.Interseccion",
      "nombre": "ACCIDENTE",
      "visibilidad": "INFORMADO",
      "tiempoInicio": 120,
      "tiempoFin": 240,
      "retardoMultiplicativo": 8,
      "TipoObstaculo": "frsf.cidisi.exercise.patrullero.search.modelo.ObstaculoParcial"
    },
    {
      "id": 71,
      "lugarID": 102,
      "TipoLugar": "frsf.cidisi.exercise.patrullero.search.modelo.Interseccion",
      "nombre": "EVENTO_SOCIAL",
      "visibilidad": "INFORMADO",
      "tiempoInicio": 120,
      "tiempoFin": 240,
      "retardoMultiplicativo": 10,
      "TipoObstaculo": "frsf.cidisi.exercise.patrullero.search.modelo.ObstaculoParcial"
    },
    {
      "id": 72,
      "lugarID": 66,
      "TipoLugar": "frsf.cidisi.exercise.patrullero.search.modelo.Interseccion",
      "nombre": "CONGESTION",
      "visibilidad": "VISIBLE",
      "tiempoInicio": 120,
      "tiempoFin": 240,
      "retardoMultiplicativo": 8,
      "TipoObstaculo": "frsf.cidisi.exercise.patrullero.search.modelo.ObstaculoParcial"
    },
    {
      "id": 73,
      "lugarID": 215,
      "TipoLugar": "frsf.cidisi.exercise.patrullero.search.modelo.Arista",
      "nombre": "BACHEO",
      "visibilidad": "VISIBLE",
      "tiempoInicio": 120,
      "tiempoFin": 240,
      "retardoMultiplicativo": 5,
      "TipoObstaculo": "frsf.cidisi.exercise.patrullero.search.modelo.ObstaculoParcial"
    },
    {
      "id": 74,
      "lugarID": 380,
      "TipoLugar": "frsf.cidisi.exercise.patrullero.search.modelo.Arista",
      "nombre": "BACHEO",
      "visibilidad": "VISIBLE",
      "tiempoInicio": 120,
      "tiempoFin": 240,
      "retardoMultiplicativo": 5,
      "TipoObstaculo": "frsf.cidisi.exercise.patrullero.search.modelo.ObstaculoParcial"
    },
    {
      "id": 75,
      "lugarID": 60,
      "TipoLugar": "frsf.cidisi.exercise.patrullero.search.modelo.Arista",
      "nombre": "EVENTO_SOCIAL",
      "visibilidad": "VISIBLE",
      "tiempoInicio": 120,
      "tiempoFin": 240,
      "retardoMultiplicativo": 9,
      "TipoObstaculo": "frsf.cidisi.exercise.patrullero.search.modelo.ObstaculoParcial"
    },
    {
      "id": 76,
      "lugarID": 374,
      "TipoLugar": "frsf.cidisi.exercise.patrullero.search.modelo.Arista",
      "nombre": "EVENTO_SOCIAL",
      "visibilidad": "VISIBLE",
      "tiempoInicio": 120,
      "tiempoFin": 240,
      "retardoMultiplicativo": 8,
      "TipoObstaculo": "frsf.cidisi.exercise.patrullero.search.modelo.ObstaculoParcial"
    },
    {
      "id": 77,
      "lugarID": 67,
      "TipoLugar": "frsf.cidisi.exercise.patrullero.search.modelo.Interseccion",
      "nombre": "BACHEO",
      "visibilidad": "INFORMADO",
      "tiempoInicio": 120,
      "tiempoFin": 240,
      "retardoMultiplicativo": 8,
      "TipoObstaculo": "frsf.cidisi.exercise.patrullero.search.modelo.ObstaculoParcial"
    },
    {
      "id": 78,
      "lugarID": 108,
      "TipoLugar": "frsf.cidisi.exercise.patrullero.search.modelo.Interseccion",
      "nombre": "ACCIDENTE",
      "visibilidad": "VISIBLE",
      "tiempoInicio": 120,
      "tiempoFin": 240,
      "retardoMultiplicativo": 9,
      "TipoObstaculo": "frsf.cidisi.exercise.patrullero.search.modelo.ObstaculoParcial"
    },
    {
      "id": 79,
      "lugarID": 129,
      "TipoLugar": "frsf.cidisi.exercise.patrullero.search.modelo.Interseccion",
      "nombre": "CORTE",
      "visibilidad": "VISIBLE",
      "tiempoInicio": 120,
      "tiempoFin": 240,
      "retardoMultiplicativo": 5,
      "TipoObstaculo": "frsf.cidisi.exercise.patrullero.search.modelo.ObstaculoParcial"
    },
    {
      "id": 80,
      "lugarID": 124,
      "TipoLugar": "frsf.cidisi.exercise.patrullero.search.modelo.Interseccion",
      "nombre": "CORTE",
      "visibilidad": "VISIBLE",
      "tiempoInicio": 120,
      "tiempoFin": 240,
      "retardoMultiplicativo": 5,
      "TipoObstaculo": "frsf.cidisi.exercise.patrullero.search.modelo.ObstaculoParcial"
    },
    {
      "id": 81,
      "lugarID": 154,
      "TipoLugar": "frsf.cidisi.exercise.patrullero.search.modelo.Interseccion",
      "nombre": "CONGESTION",
      "visibilidad": "VISIBLE",
      "tiempoInicio": 120,
      "tiempoFin": 240,
      "retardoMultiplicativo": 5,
      "TipoObstaculo": "frsf.cidisi.exercise.patrullero.search.modelo.ObstaculoParcial"
    },
    {
      "id": 82,
      "lugarID": 164,
      "TipoLugar": "frsf.cidisi.exercise.patrullero.search.modelo.Interseccion",
      "nombre": "BACHEO",
      "visibilidad": "VISIBLE",
      "tiempoInicio": 120,
      "tiempoFin": 240,
      "retardoMultiplicativo": 9,
      "TipoObstaculo": "frsf.cidisi.exercise.patrullero.search.modelo.ObstaculoParcial"
    },
    {
      "id": 83,
      "lugarID": 114,
      "TipoLugar": "frsf.cidisi.exercise.patrullero.search.modelo.Interseccion",
      "nombre": "CORTE",
      "visibilidad": "VISIBLE",
      "tiempoInicio": 120,
      "tiempoFin": 240,
      "retardoMultiplicativo": 5,
      "TipoObstaculo": "frsf.cidisi.exercise.patrullero.search.modelo.ObstaculoParcial"
    },
    {
      "id": 84,
      "lugarID": 33,
      "TipoLugar": "frsf.cidisi.exercise.patrullero.search.modelo.Interseccion",
      "nombre": "EVENTO_SOCIAL",
      "visibilidad": "VISIBLE",
      "tiempoInicio": 120,
      "tiempoFin": 240,
      "retardoMultiplicativo": 5,
      "TipoObstaculo": "frsf.cidisi.exercise.patrullero.search.modelo.ObstaculoParcial"
    },
    {
      "id": 85,
      "lugarID": 27,
      "TipoLugar": "frsf.cidisi.exercise.patrullero.search.modelo.Arista",
      "nombre": "CONGESTION",
      "visibilidad": "INFORMADO",
      "tiempoInicio": 120,
      "tiempoFin": 240,
      "retardoMultiplicativo": 7,
      "TipoObstaculo": "frsf.cidisi.exercise.patrullero.search.modelo.ObstaculoParcial"
    },
    {
      "id": 86,
      "lugarID": 338,
      "TipoLugar": "frsf.cidisi.exercise.patrullero.search.modelo.Arista",
      "nombre": "CORTE",
      "visibilidad": "INFORMADO",
      "tiempoInicio": 120,
      "tiempoFin": 240,
      "retardoMultiplicativo": 6,
      "TipoObstaculo": "frsf.cidisi.exercise.patrullero.search.modelo.ObstaculoParcial"
    },
    {
      "id": 87,
      "lugarID": 72,
      "TipoLugar": "frsf.cidisi.exercise.patrullero.search.modelo.Interseccion",
      "nombre": "ACCIDENTE",
      "visibilidad": "VISIBLE",
      "tiempoInicio": 120,
      "tiempoFin": 240,
      "TipoObstaculo": "frsf.cidisi.exercise.patrullero.search.modelo.ObstaculoTotal"
    },
    {
      "id": 88,
      "lugarID": 78,
      "TipoLugar": "frsf.cidisi.exercise.patrullero.search.modelo.Interseccion",
      "nombre": "CONGESTION",
      "visibilidad": "VISIBLE",
      "tiempoInicio": 120,
      "tiempoFin": 240,
      "retardoMultiplicativo": 8,
      "TipoObstaculo": "frsf.cidisi.exercise.patrullero.search.modelo.ObstaculoParcial"
    },
    {
      "id": 89,
      "lugarID": 188,
      "TipoLugar": "frsf.cidisi.exercise.patrullero.search.modelo.Arista",
      "nombre": "BACHEO",
      "visibilidad": "VISIBLE",
      "tiempoInicio": 120,
      "tiempoFin": 240,
      "retardoMultiplicativo": 10,
      "TipoObstaculo": "frsf.cidisi.exercise.patrullero.search.modelo.ObstaculoParcial"
    },
    {
      "id": 90,
      "lugarID": 253,
      "TipoLugar": "frsf.cidisi.exercise.patrullero.search.modelo.Arista",
      "nombre": "BACHEO",
      "visibilidad": "VISIBLE",
      "tiempoInicio": 120,
      "tiempoFin": 240,
      "retardoMultiplicativo": 7,
      "TipoObstaculo": "frsf.cidisi.exercise.patrullero.search.modelo.ObstaculoParcial"
    },
    {
      "id": 91,
      "lugarID": 193,
      "TipoLugar": "frsf.cidisi.exercise.patrullero.search.modelo.Arista",
      "nombre": "BACHEO",
      "visibilidad": "INFORMADO",
      "tiempoInicio": 120,
      "tiempoFin": 240,
      "retardoMultiplicativo": 6,
      "TipoObstaculo": "frsf.cidisi.exercise.patrullero.search.modelo.ObstaculoParcial"
    },
    {
      "id": 92,
      "lugarID": 132,
      "TipoLugar": "frsf.cidisi.exercise.patrullero.search.modelo.Interseccion",
      "nombre": "EVENTO_SOCIAL",
      "visibilidad": "VISIBLE",
      "tiempoInicio": 120,
      "tiempoFin": 240,
      "retardoMultiplicativo": 9,
      "TipoObstaculo": "frsf.cidisi.exercise.patrullero.search.modelo.ObstaculoParcial"
    },
    {
      "id": 93,
      "lugarID": 117,
      "TipoLugar": "frsf.cidisi.exercise.patrullero.search.modelo.Interseccion",
      "nombre": "ACCIDENTE",
      "visibilidad": "VISIBLE",
      "tiempoInicio": 120,
      "tiempoFin": 240,
      "retardoMultiplicativo": 8,
      "TipoObstaculo": "frsf.cidisi.exercise.patrullero.search.modelo.ObstaculoParcial"
    },
    {
      "id": 94,
      "lugarID": 89,
      "TipoLugar": "frsf.cidisi.exercise.patrullero.search.modelo.Interseccion",
      "nombre": "CONGESTION",
      "visibilidad": "INFORMADO",
      "tiempoInicio": 120,
      "tiempoFin": 240,
      "retardoMultiplicativo": 5,
      "TipoObstaculo": "frsf.cidisi.exercise.patrullero.search.modelo.ObstaculoParcial"
    },
    {
      "id": 95,
      "lugarID": 51,
      "TipoLugar": "frsf.cidisi.exercise.patrullero.search.modelo.Interseccion",
      "nombre": "CORTE",
      "visibilidad": "VISIBLE",
      "tiempoInicio": 120,
      "tiempoFin": 240,
      "TipoObstaculo": "frsf.cidisi.exercise.patrullero.search.modelo.ObstaculoTotal"
    },
    {
      "id": 97,
      "lugarID": 128,
      "TipoLugar": "frsf.cidisi.exercise.patrullero.search.modelo.Interseccion",
      "nombre": "BACHEO",
      "visibilidad": "VISIBLE",
      "tiempoInicio": 120,
      "tiempoFin": 240,
      "TipoObstaculo": "frsf.cidisi.exercise.patrullero.search.modelo.ObstaculoTotal"
    },
    {
      "id": 98,
      "lugarID": 123,
      "TipoLugar": "frsf.cidisi.exercise.patrullero.search.modelo.Arista",
      "nombre": "ACCIDENTE",
      "visibilidad": "VISIBLE",
      "tiempoInicio": 120,
      "tiempoFin": 240,
      "TipoObstaculo": "frsf.cidisi.exercise.patrullero.search.modelo.ObstaculoTotal"
    },
    {
      "id": 99,
      "lugarID": 230,
      "TipoLugar": "frsf.cidisi.exercise.patrullero.search.modelo.Arista",
      "nombre": "CORTE",
      "visibilidad": "INFORMADO",
      "tiempoInicio": 120,
      "tiempoFin": 240,
      "TipoObstaculo": "frsf.cidisi.exercise.patrullero.search.modelo.ObstaculoTotal"
    },
    {
      "id": 100,
      "lugarID": 392,
      "TipoLugar": "frsf.cidisi.exercise.patrullero.search.modelo.Arista",
      "nombre": "BACHEO",
      "visibilidad": "VISIBLE",
      "tiempoInicio": 120,
      "tiempoFin": 240,
      "TipoObstaculo": "frsf.cidisi.exercise.patrullero.search.modelo.ObstaculoTotal"
    },
    {
      "id": 101,
      "lugarID": 54,
      "TipoLugar": "frsf.cidisi.exercise.patrullero.search.modelo.Interseccion",
      "nombre": "EVENTO_SOCIAL",
      "visibilidad": "INFORMADO",
      "tiempoInicio": 120,
      "tiempoFin": 240,
      "retardoMultiplicativo": 5,
      "TipoObstaculo": "frsf.cidisi.exercise.patrullero.search.modelo.ObstaculoParcial"
    },
    {
      "id": 102,
      "lugarID": 34,
      "TipoLugar": "frsf.cidisi.exercise.patrullero.search.modelo.Interseccion",
      "nombre": "ACCIDENTE",
      "visibilidad": "INFORMADO",
      "tiempoInicio": 90,
      "tiempoFin": 150,
      "retardoMultiplicativo": 7,
      "TipoObstaculo": "frsf.cidisi.exercise.patrullero.search.modelo.ObstaculoParcial"
    },
    {
      "id": 103,
      "lugarID": 361,
      "TipoLugar": "frsf.cidisi.exercise.patrullero.search.modelo.Arista",
      "nombre": "BACHEO",
      "visibilidad": "INFORMADO",
      "tiempoInicio": 90,
      "tiempoFin": 150,
      "retardoMultiplicativo": 8,
      "TipoObstaculo": "frsf.cidisi.exercise.patrullero.search.modelo.ObstaculoParcial"
    },
    {
      "id": 104,
      "lugarID": 309,
      "TipoLugar": "frsf.cidisi.exercise.patrullero.search.modelo.Arista",
      "nombre": "CONGESTION",
      "visibilidad": "INFORMADO",
      "tiempoInicio": 90,
      "tiempoFin": 150,
      "retardoMultiplicativo": 5,
      "TipoObstaculo": "frsf.cidisi.exercise.patrullero.search.modelo.ObstaculoParcial"
    },
    {
      "id": 105,
      "lugarID": 310,
      "TipoLugar": "frsf.cidisi.exercise.patrullero.search.modelo.Arista",
      "nombre": "CONGESTION",
      "visibilidad": "INFORMADO",
      "tiempoInicio": 90,
      "tiempoFin": 150,
      "retardoMultiplicativo": 5,
      "TipoObstaculo": "frsf.cidisi.exercise.patrullero.search.modelo.ObstaculoParcial"
    },
    {
      "id": 106,
      "lugarID": 111,
      "TipoLugar": "frsf.cidisi.exercise.patrullero.search.modelo.Interseccion",
      "nombre": "CORTE",
      "visibilidad": "INFORMADO",
      "tiempoInicio": 90,
      "tiempoFin": 150,
      "retardoMultiplicativo": 9,
      "TipoObstaculo": "frsf.cidisi.exercise.patrullero.search.modelo.ObstaculoParcial"
    },
    {
      "id": 107,
      "lugarID": 131,
      "TipoLugar": "frsf.cidisi.exercise.patrullero.search.modelo.Interseccion",
      "nombre": "EVENTO_SOCIAL",
      "visibilidad": "INFORMADO",
      "tiempoInicio": 90,
      "tiempoFin": 150,
      "retardoMultiplicativo": 7,
      "TipoObstaculo": "frsf.cidisi.exercise.patrullero.search.modelo.ObstaculoParcial"
    },
    {
      "id": 108,
      "lugarID": 117,
      "TipoLugar": "frsf.cidisi.exercise.patrullero.search.modelo.Arista",
      "nombre": "EVENTO_SOCIAL",
      "visibilidad": "VISIBLE",
      "tiempoInicio": 90,
      "tiempoFin": 150,
      "retardoMultiplicativo": 5,
      "TipoObstaculo": "frsf.cidisi.exercise.patrullero.search.modelo.ObstaculoParcial"
    },
    {
      "id": 109,
      "lugarID": 150,
      "TipoLugar": "frsf.cidisi.exercise.patrullero.search.modelo.Interseccion",
      "nombre": "CONGESTION",
      "visibilidad": "INFORMADO",
      "tiempoInicio": 90,
      "tiempoFin": 150,
      "retardoMultiplicativo": 9,
      "TipoObstaculo": "frsf.cidisi.exercise.patrullero.search.modelo.ObstaculoParcial"
    },
    {
      "id": 110,
      "lugarID": 87,
      "TipoLugar": "frsf.cidisi.exercise.patrullero.search.modelo.Interseccion",
      "nombre": "CONGESTION",
      "visibilidad": "INFORMADO",
      "tiempoInicio": 90,
      "tiempoFin": 150,
      "retardoMultiplicativo": 5,
      "TipoObstaculo": "frsf.cidisi.exercise.patrullero.search.modelo.ObstaculoParcial"
    },
    {
      "id": 111,
      "lugarID": 69,
      "TipoLugar": "frsf.cidisi.exercise.patrullero.search.modelo.Arista",
      "nombre": "BACHEO",
      "visibilidad": "INFORMADO",
      "tiempoInicio": 90,
      "tiempoFin": 150,
      "retardoMultiplicativo": 5,
      "TipoObstaculo": "frsf.cidisi.exercise.patrullero.search.modelo.ObstaculoParcial"
    },
    {
      "id": 112,
      "lugarID": 36,
      "TipoLugar": "frsf.cidisi.exercise.patrullero.search.modelo.Arista",
      "nombre": "CONGESTION",
      "visibilidad": "VISIBLE",
      "tiempoInicio": 90,
      "tiempoFin": 150,
      "retardoMultiplicativo": 8,
      "TipoObstaculo": "frsf.cidisi.exercise.patrullero.search.modelo.ObstaculoParcial"
    },
    {
      "id": 113,
      "lugarID": 38,
      "TipoLugar": "frsf.cidisi.exercise.patrullero.search.modelo.Interseccion",
      "nombre": "BACHEO",
      "visibilidad": "INFORMADO",
      "tiempoInicio": 90,
      "tiempoFin": 150,
      "retardoMultiplicativo": 5,
      "TipoObstaculo": "frsf.cidisi.exercise.patrullero.search.modelo.ObstaculoParcial"
    },
    {
      "id": 114,
      "lugarID": 63,
      "TipoLugar": "frsf.cidisi.exercise.patrullero.search.modelo.Interseccion",
      "nombre": "EVENTO_SOCIAL",
      "visibilidad": "INFORMADO",
      "tiempoInicio": 90,
      "tiempoFin": 150,
      "retardoMultiplicativo": 5,
      "TipoObstaculo": "frsf.cidisi.exercise.patrullero.search.modelo.ObstaculoParcial"
    },
    {
      "id": 115,
      "lugarID": 110,
      "TipoLugar": "frsf.cidisi.exercise.patrullero.search.modelo.Interseccion",
      "nombre": "CORTE",
      "visibilidad": "VISIBLE",
      "tiempoInicio": 90,
      "tiempoFin": 150,
      "retardoMultiplicativo": 5,
      "TipoObstaculo": "frsf.cidisi.exercise.patrullero.search.modelo.ObstaculoParcial"
    },
    {
      "id": 116,
      "lugarID": 112,
      "TipoLugar": "frsf.cidisi.exercise.patrullero.search.modelo.Arista",
      "nombre": "CORTE",
      "visibilidad": "VISIBLE",
      "tiempoInicio": 90,
      "tiempoFin": 150,
      "retardoMultiplicativo": 7,
      "TipoObstaculo": "frsf.cidisi.exercise.patrullero.search.modelo.ObstaculoParcial"
    },
    {
      "id": 117,
      "lugarID": 150,
      "TipoLugar": "frsf.cidisi.exercise.patrullero.search.modelo.Arista",
      "nombre": "CORTE",
      "visibilidad": "VISIBLE",
      "tiempoInicio": 90,
      "tiempoFin": 150,
      "retardoMultiplicativo": 5,
      "TipoObstaculo": "frsf.cidisi.exercise.patrullero.search.modelo.ObstaculoParcial"
    },
    {
      "id": 118,
      "lugarID": 149,
      "TipoLugar": "frsf.cidisi.exercise.patrullero.search.modelo.Arista",
      "nombre": "CORTE",
      "visibilidad": "VISIBLE",
      "tiempoInicio": 90,
      "tiempoFin": 150,
      "retardoMultiplicativo": 5,
      "TipoObstaculo": "frsf.cidisi.exercise.patrullero.search.modelo.ObstaculoParcial"
    },
    {
      "id": 119,
      "lugarID": 227,
      "TipoLugar": "frsf.cidisi.exercise.patrullero.search.modelo.Arista",
      "nombre": "CONGESTION",
      "visibilidad": "INFORMADO",
      "tiempoInicio": 90,
      "tiempoFin": 150,
      "retardoMultiplicativo": 6,
      "TipoObstaculo": "frsf.cidisi.exercise.patrullero.search.modelo.ObstaculoParcial"
    },
    {
      "id": 120,
      "lugarID": 372,
      "TipoLugar": "frsf.cidisi.exercise.patrullero.search.modelo.Arista",
      "nombre": "CONGESTION",
      "visibilidad": "VISIBLE",
      "tiempoInicio": 90,
      "tiempoFin": 150,
      "retardoMultiplicativo": 6,
      "TipoObstaculo": "frsf.cidisi.exercise.patrullero.search.modelo.ObstaculoParcial"
    },
    {
      "id": 121,
      "lugarID": 4,
      "TipoLugar": "frsf.cidisi.exercise.patrullero.search.modelo.Arista",
      "nombre": "ACCIDENTE",
      "visibilidad": "VISIBLE",
      "tiempoInicio": 90,
      "tiempoFin": 150,
      "retardoMultiplicativo": 5,
      "TipoObstaculo": "frsf.cidisi.exercise.patrullero.search.modelo.ObstaculoParcial"
    },
    {
      "id": 122,
      "lugarID": 18,
      "TipoLugar": "frsf.cidisi.exercise.patrullero.search.modelo.Arista",
      "nombre": "BACHEO",
      "visibilidad": "VISIBLE",
      "tiempoInicio": 90,
      "tiempoFin": 150,
      "retardoMultiplicativo": 8,
      "TipoObstaculo": "frsf.cidisi.exercise.patrullero.search.modelo.ObstaculoParcial"
    },
    {
      "id": 123,
      "lugarID": 55,
      "TipoLugar": "frsf.cidisi.exercise.patrullero.search.modelo.Interseccion",
      "nombre": "CORTE",
      "visibilidad": "VISIBLE",
      "tiempoInicio": 90,
      "tiempoFin": 150,
      "retardoMultiplicativo": 9,
      "TipoObstaculo": "frsf.cidisi.exercise.patrullero.search.modelo.ObstaculoParcial"
    },
    {
      "id": 126,
      "lugarID": 48,
      "TipoLugar": "frsf.cidisi.exercise.patrullero.search.modelo.Interseccion",
      "nombre": "ACCIDENTE",
      "visibilidad": "VISIBLE",
      "tiempoInicio": 90,
      "tiempoFin": 150,
      "TipoObstaculo": "frsf.cidisi.exercise.patrullero.search.modelo.ObstaculoTotal"
    },
    {
      "id": 127,
      "lugarID": 11,
      "TipoLugar": "frsf.cidisi.exercise.patrullero.search.modelo.Arista",
      "nombre": "BACHEO",
      "visibilidad": "VISIBLE",
      "tiempoInicio": 90,
      "tiempoFin": 150,
      "retardoMultiplicativo": 7,
      "TipoObstaculo": "frsf.cidisi.exercise.patrullero.search.modelo.ObstaculoParcial"
    },
    {
      "id": 128,
      "lugarID": 10,
      "TipoLugar": "frsf.cidisi.exercise.patrullero.search.modelo.Arista",
      "nombre": "BACHEO",
      "visibilidad": "VISIBLE",
      "tiempoInicio": 90,
      "tiempoFin": 150,
      "retardoMultiplicativo": 7,
      "TipoObstaculo": "frsf.cidisi.exercise.patrullero.search.modelo.ObstaculoParcial"
    },
    {
      "id": 129,
      "lugarID": 24,
      "TipoLugar": "frsf.cidisi.exercise.patrullero.search.modelo.Interseccion",
      "nombre": "CORTE",
      "visibilidad": "INFORMADO",
      "tiempoInicio": 90,
      "tiempoFin": 150,
      "TipoObstaculo": "frsf.cidisi.exercise.patrullero.search.modelo.ObstaculoTotal"
    },
    {
      "id": 130,
      "lugarID": 92,
      "TipoLugar": "frsf.cidisi.exercise.patrullero.search.modelo.Arista",
      "nombre": "CONGESTION",
      "visibilidad": "VISIBLE",
      "tiempoInicio": 90,
      "tiempoFin": 150,
      "retardoMultiplicativo": 9,
      "TipoObstaculo": "frsf.cidisi.exercise.patrullero.search.modelo.ObstaculoParcial"
    },
    {
      "id": 131,
      "lugarID": 277,
      "TipoLugar": "frsf.cidisi.exercise.patrullero.search.modelo.Arista",
      "nombre": "ACCIDENTE",
      "visibilidad": "VISIBLE",
      "tiempoInicio": 90,
      "tiempoFin": 150,
      "retardoMultiplicativo": 9,
      "TipoObstaculo": "frsf.cidisi.exercise.patrullero.search.modelo.ObstaculoParcial"
    },
    {
      "id": 132,
      "lugarID": 125,
      "TipoLugar": "frsf.cidisi.exercise.patrullero.search.modelo.Arista",
      "nombre": "EVENTO_SOCIAL",
      "visibilidad": "INFORMADO",
      "tiempoInicio": 90,
      "tiempoFin": 150,
      "TipoObstaculo": "frsf.cidisi.exercise.patrullero.search.modelo.ObstaculoTotal"
    },
    {
      "id": 133,
      "lugarID": 148,
      "TipoLugar": "frsf.cidisi.exercise.patrullero.search.modelo.Interseccion",
      "nombre": "CORTE",
      "visibilidad": "INFORMADO",
      "tiempoInicio": 90,
      "tiempoFin": 150,
      "retardoMultiplicativo": 5,
      "TipoObstaculo": "frsf.cidisi.exercise.patrullero.search.modelo.ObstaculoParcial"
    },
    {
      "id": 134,
      "lugarID": 85,
      "TipoLugar": "frsf.cidisi.exercise.patrullero.search.modelo.Arista",
      "nombre": "BACHEO",
      "visibilidad": "VISIBLE",
      "tiempoInicio": 90,
      "tiempoFin": 150,
      "retardoMultiplicativo": 8,
      "TipoObstaculo": "frsf.cidisi.exercise.patrullero.search.modelo.ObstaculoParcial"
    },
    {
      "id": 135,
      "lugarID": 164,
      "TipoLugar": "frsf.cidisi.exercise.patrullero.search.modelo.Arista",
      "nombre": "CORTE",
      "visibilidad": "INVISIBLE",
      "tiempoInicio": 90,
      "tiempoFin": 150,
      "retardoMultiplicativo": 5,
      "TipoObstaculo": "frsf.cidisi.exercise.patrullero.search.modelo.ObstaculoParcial"
    },
    {
      "id": 136,
      "lugarID": 163,
      "TipoLugar": "frsf.cidisi.exercise.patrullero.search.modelo.Arista",
      "nombre": "CORTE",
      "visibilidad": "INVISIBLE",
      "tiempoInicio": 90,
      "tiempoFin": 150,
      "retardoMultiplicativo": 5,
      "TipoObstaculo": "frsf.cidisi.exercise.patrullero.search.modelo.ObstaculoParcial"
    },
    {
      "id": 137,
      "lugarID": 264,
      "TipoLugar": "frsf.cidisi.exercise.patrullero.search.modelo.Arista",
      "nombre": "ACCIDENTE",
      "visibilidad": "VISIBLE",
      "tiempoInicio": 90,
      "tiempoFin": 150,
      "retardoMultiplicativo": 10,
      "TipoObstaculo": "frsf.cidisi.exercise.patrullero.search.modelo.ObstaculoParcial"
    },
    {
      "id": 138,
      "lugarID": 285,
      "TipoLugar": "frsf.cidisi.exercise.patrullero.search.modelo.Arista",
      "nombre": "CONGESTION",
      "visibilidad": "VISIBLE",
      "tiempoInicio": 90,
      "tiempoFin": 150,
      "retardoMultiplicativo": 7,
      "TipoObstaculo": "frsf.cidisi.exercise.patrullero.search.modelo.ObstaculoParcial"
    },
    {
      "id": 139,
      "lugarID": 282,
      "TipoLugar": "frsf.cidisi.exercise.patrullero.search.modelo.Arista",
      "nombre": "CONGESTION",
      "visibilidad": "VISIBLE",
      "tiempoInicio": 90,
      "tiempoFin": 150,
      "retardoMultiplicativo": 7,
      "TipoObstaculo": "frsf.cidisi.exercise.patrullero.search.modelo.ObstaculoParcial"
    },
    {
      "id": 140,
      "lugarID": 123,
      "TipoLugar": "frsf.cidisi.exercise.patrullero.search.modelo.Interseccion",
      "nombre": "CORTE",
      "visibilidad": "VISIBLE",
      "tiempoInicio": 90,
      "tiempoFin": 150,
      "TipoObstaculo": "frsf.cidisi.exercise.patrullero.search.modelo.ObstaculoTotal"
    },
    {
      "id": 141,
      "lugarID": 332,
      "TipoLugar": "frsf.cidisi.exercise.patrullero.search.modelo.Arista",
      "nombre": "BACHEO",
      "visibilidad": "VISIBLE",
      "tiempoInicio": 90,
      "tiempoFin": 150,
      "TipoObstaculo": "frsf.cidisi.exercise.patrullero.search.modelo.ObstaculoTotal"
    },
    {
      "id": 142,
      "lugarID": 19,
      "TipoLugar": "frsf.cidisi.exercise.patrullero.search.modelo.Interseccion",
      "nombre": "EVENTO_SOCIAL",
      "visibilidad": "VISIBLE",
      "tiempoInicio": 90,
      "tiempoFin": 150,
      "retardoMultiplicativo": 9,
      "TipoObstaculo": "frsf.cidisi.exercise.patrullero.search.modelo.ObstaculoParcial"
    },
    {
      "id": 143,
      "lugarID": 98,
      "TipoLugar": "frsf.cidisi.exercise.patrullero.search.modelo.Arista",
      "nombre": "BACHEO",
      "visibilidad": "INFORMADO",
      "tiempoInicio": 90,
      "tiempoFin": 150,
      "retardoMultiplicativo": 5,
      "TipoObstaculo": "frsf.cidisi.exercise.patrullero.search.modelo.ObstaculoParcial"
    },
    {
      "id": 144,
      "lugarID": 199,
      "TipoLugar": "frsf.cidisi.exercise.patrullero.search.modelo.Arista",
      "nombre": "EVENTO_SOCIAL",
      "visibilidad": "VISIBLE",
      "tiempoInicio": 90,
      "tiempoFin": 150,
      "retardoMultiplicativo": 5,
      "TipoObstaculo": "frsf.cidisi.exercise.patrullero.search.modelo.ObstaculoParcial"
    },
    {
      "id": 146,
      "lugarID": 26,
      "TipoLugar": "frsf.cidisi.exercise.patrullero.search.modelo.Interseccion",
      "nombre": "CORTE",
      "visibilidad": "INVISIBLE",
      "tiempoInicio": 90,
      "tiempoFin": 150,
      "retardoMultiplicativo": 9,
      "TipoObstaculo": "frsf.cidisi.exercise.patrullero.search.modelo.ObstaculoParcial"
    },
    {
      "id": 147,
      "lugarID": 121,
      "TipoLugar": "frsf.cidisi.exercise.patrullero.search.modelo.Interseccion",
      "nombre": "BACHEO",
      "visibilidad": "INVISIBLE",
      "tiempoInicio": 90,
      "tiempoFin": 150,
      "retardoMultiplicativo": 5,
      "TipoObstaculo": "frsf.cidisi.exercise.patrullero.search.modelo.ObstaculoParcial"
    }
  ]
}