<?xml version="1.0" encoding="UTF-8"?>
<project xmlns="http://maven.apache.org/POM/4.0.0" xmlns:xsi="http://www.w3.org/2001/XMLSchema-instance" xsi:schemaLocation="http://maven.apache.org/POM/4.0.0 http://maven.apache.org/maven-v4_0_0.xsd">
  <modelVersion>4.0.0</modelVersion>
  <groupId>ar.edu.utn.frsf.isi.ia</groupId>
  <artifactId>PatrulleroUI</artifactId>
  <name>PatrulleroUI</name>
  <version>1.0.0-RELEASE</version>
  <url>http://maven.apache.org</url>
  <developers>
    <developer>
      <name>Emiliano Gioria</name>
      <url>https://github.com/emigioria</url>
    </developer>
    <developer>
      <name>Andres Leonel Rico</name>
      <url>https://github.com/andresleonelrico</url>
    </developer>
    <developer>
      <name>Esteban Javier Rebechi</name>
      <url>https://github.com/EstebanRebechi</url>
    </developer>
  </developers>
  <build>
    <plugins>
      <plugin>
        <artifactId>maven-compiler-plugin</artifactId>
        <version>3.5.1</version>
        <configuration>
          <source>1.8</source>
          <target>1.8</target>
        </configuration>
      </plugin>
      <plugin>
        <groupId>com.mycila</groupId>
        <artifactId>license-maven-plugin</artifactId>
        <version>3.0</version>
        <executions>
          <execution>
            <goals>
              <goal>format</goal>
            </goals>
          </execution>
        </executions>
        <configuration>
          <header>header.txt</header>
          <mapping>
            <fxml>XML_STYLE</fxml>
          </mapping>
          <properties>
            <owner>Emiliano Gioria - Andres Leonel Rico - Esteban Javier Rebechi</owner>
            <inceptionYear>2017</inceptionYear>
          </properties>
          <basedir>src</basedir>
        </configuration>
      </plugin>
      <plugin>
        <artifactId>maven-shade-plugin</artifactId>
        <version>3.0.0</version>
        <executions>
          <execution>
            <phase>package</phase>
            <goals>
              <goal>shade</goal>
            </goals>
            <configuration>
              <transformers>
                <transformer>
                  <mainClass>${main_class}</mainClass>
                </transformer>
                <transformer>
                  <resource>META-INF/spring.handlers</resource>
                </transformer>
                <transformer>
                  <resource>META-INF/spring.schemas</resource>
                </transformer>
              </transformers>
            </configuration>
          </execution>
        </executions>
      </plugin>
      <plugin>
        <artifactId>maven-dependency-plugin</artifactId>
        <version>3.0.0</version>
        <executions>
          <execution>
            <id>copy-dependencies</id>
            <phase>prepare-package</phase>
            <goals>
              <goal>copy-dependencies</goal>
            </goals>
            <configuration>
              <outputDirectory>${project.build.directory}/lib</outputDirectory>
              <overWriteReleases>false</overWriteReleases>
              <overWriteSnapshots>false</overWriteSnapshots>
              <overWriteIfNewer>true</overWriteIfNewer>
            </configuration>
          </execution>
        </executions>
      </plugin>
      <plugin>
        <artifactId>maven-jar-plugin</artifactId>
        <version>3.0.2</version>
        <configuration>
          <archive>
            <manifest>
              <classpathPrefix>lib/</classpathPrefix>
              <mainClass>${main_class}</mainClass>
            </manifest>
          </archive>
        </configuration>
      </plugin>
    </plugins>
  </build>
  <properties>
    <project.reporting.outputEncoding>UTF-8</project.reporting.outputEncoding>
    <project.build.sourceEncoding>UTF-8</project.build.sourceEncoding>
    <main_class>ar.edu.utn.frsf.isi.ia.PatrulleroUI.gui.Main</main_class>
  </properties>
</project>

