<tree id="0" edgedefault="directed">
<node Id="1" Action="Avanzar" Cost="11.0" Estado_Agente="
	Viniendo de: Belgrano (Que va de 2 a 3)
	Posici&#243;n: 3 - Belgrano # San Martin
	Apuntando a: San Martin (Que va de 3 a 4)"/>
<node Id="2" Action="Avanzar" Cost="22.0" Estado_Agente="
	Viniendo de: San Martin (Que va de 3 a 4)
	Posici&#243;n: 4 - San Martin # Sarmiento
	Apuntando a: Sarmiento (Que va de 4 a 1)"/>
<node Id="0" Action="null" Cost="0.0" Estado_Agente="
	Viniendo de: Moreno (Que va de 1 a 2)
	Posici&#243;n: 2 - Moreno # Belgrano
	Apuntando a: Belgrano (Que va de 2 a 3)"/>
<edge source="1" target="2"/>
<edge source="0" target="1"/>
</tree>
o patrullero.
	Posici&#243;n: 1 - Moreno # Sarmiento
	Apuntando a: Moreno (Que va de 1 a 2)"/>
<edge source="1" target="2"/>
<edge source="2" target="3"/>
<edge source="0" target="1"/>
</tree>
